{
    "$schema": "https://schema.management.azure.com/schemas/2015-01-01/deploymentTemplate.json#",
    "contentVersion": "1.0.0.0",
    "parameters": {
		"adminUsername": {
            "defaultValue": "wsadmin",
            "type": "String"
        },
		"adminPassword": {
            "defaultValue": "p@ssword1rocks",
            "type": "String"
        },
		"sqlservername": {
            "defaultValue": "azuresecurity-abc",
            "type": "String"
        },
        "databaseName": {
            "defaultValue": "Insurance",
            "type": "String"
        }        
    }
}